sample	status
BLAN-1-1-No	completed
BLAN-1-1-Rh	completed
BLAN-1-1-Ro	completed
BLAN-2-1-No	completed
BLAN-2-1-Rh	completed
BLAN-2-1-Ro	completed
BLAN-3-1-No	completed
BLAN-3-1-Rh	completed
BLAN-3-1-Ro	completed
BLAN-4-1-No	completed
BLAN-4-1-Rh	completed
BLAN-4-1-Ro	completed
CLBJ-40-1-No	completed
CLBJ-40-1-Rh	completed
CLBJ-40-1-Ro	completed
CLBJ-41-1-No	completed
CLBJ-41-1-Rh	completed
CLBJ-41-1-Ro	completed
CLBJ-42-1-No	completed
CLBJ-42-1-Rh	completed
CLBJ-42-1-Ro	completed
CLBJ-44-1-No	completed
CLBJ-44-1-Rh	completed
CLBJ-44-1-Ro	completed
CLBJ-46-1-No	completed
CLBJ-46-1-Rh	completed
CLBJ-46-1-Ro	completed
CLBJ-47-1-No	completed
CLBJ-47-1-Rh	completed
CLBJ-47-1-Ro	completed
CPER-1-No	completed
CPER-1-Rh	completed
CPER-1-Ro	completed
CPER-2-No	completed
CPER-2-Rh	completed
CPER-2-Ro	completed
CPER-3-1-No	completed
CPER-3-1-Rh	completed
CPER-3-1-Ro	completed
CPER-4-No	completed
CPER-4-Rh	completed
CPER-4-Ro	completed
CPER-5-1-No	completed
CPER-5-1-Rh	completed
CPER-5-1-Ro	completed
DCFS-1-2-No	completed
DCFS-1-2-Rh	completed
DCFS-1-2-Ro	completed
DCFS-2-2-No	completed
DCFS-2-2-Rh	completed
DCFS-2-2-Ro	completed
DCFS-3-2-No	completed
DCFS-3-2-Rh	completed
DCFS-3-2-Ro	completed
DCFS-4-No	completed
DCFS-4-Rh	completed
DCFS-4-Ro	completed
DCFS-5-1-No	completed
DCFS-5-1-Rh	completed
DCFS-5-1-Ro	completed
DCFS-6-1-No	completed
DCFS-6-1-Rh	completed
DCFS-6-1-Ro	completed
DCFS-7-1-No	completed
DCFS-7-1-Rh	completed
DCFS-7-1-Ro	completed
DCFS-8-1-No	completed
DCFS-8-1-Rh	completed
DCFS-8-1-Ro	completed
DEJU-10-1-No	completed
DEJU-10-1-Rh	completed
DEJU-10-1-Ro	completed
DEJU-11-1-No	completed
DEJU-11-1-Rh	completed
DEJU-11-1-Ro	completed
DEJU-12-1-No	completed
DEJU-12-1-Rh	completed
DEJU-12-1-Ro	completed
DEJU-13-1-No	completed
DEJU-13-1-Rh	completed
DEJU-13-1-Ro	completed
DEJU-16-1-No	completed
DEJU-16-1-Rh	completed
DEJU-16-1-Ro	completed
DEJU-17-1-No	completed
DEJU-17-1-Rh	completed
DEJU-17-1-Ro	completed
DEJU-18-1-No	completed
DEJU-18-1-Rh	completed
DEJU-18-1-Ro	completed
DEJU-19-1-No	completed
DEJU-19-1-Rh	completed
DEJU-19-1-Ro	completed
DEJU-20-1-No	completed
DEJU-20-1-Rh	completed
DEJU-20-1-Ro	completed
DEJU-21-1-No	completed
DEJU-21-1-Rh	completed
DEJU-21-1-Ro	completed
DEJU-22-1-No	completed
DEJU-22-1-Rh	completed
DEJU-22-1-Ro	completed
DEJU-23-1-No	completed
DEJU-23-1-Rh	completed
DEJU-23-1-Ro	completed
DEJU-24-1-No	completed
DEJU-24-1-Rh	completed
DEJU-24-1-Ro	completed
DEJU-25-No	completed
DEJU-25-Rh	completed
DEJU-25-Ro	completed
DEJU-26-No	completed
DEJU-26-Rh	completed
DEJU-27-No	completed
DEJU-27-Rh	completed
DEJU-27-Ro	completed
DEJU-28-2-No	completed
DEJU-28-2-Rh	completed
DEJU-28-2-Ro	completed
DEJU-29-1-No	completed
DEJU-29-1-Rh	completed
DEJU-29-1-Ro	completed
DEJU-54-No	completed
DEJU-54-Rh	completed
DEJU-54-Ro	completed
DEJU-55-No	completed
DEJU-55-Rh	completed
DEJU-55-Ro	completed
DEJU-56-Rh	completed
DEJU-56-Ro	completed
DEJU-57-No	completed
DEJU-57-Rh	completed
DEJU-57-Ro	completed
DEJU-58-No	completed
DEJU-58-Rh	completed
DEJU-58-Ro	completed
DEJU-59-No	completed
DEJU-59-Rh	completed
DEJU-59-Ro	completed
DEJU-60-No	completed
DEJU-60-Rh	completed
DEJU-60-Ro	completed
DEJU-63-No	completed
DEJU-63-Rh	completed
DEJU-63-Ro	completed
DEJU-9-1-No	completed
DEJU-9-1-Rh	completed
DEJU-9-1-Ro	completed
DELA-11-3-No	completed
DELA-11-3-Rh	completed
DELA-11-3-Ro	completed
DELA-12-2-No	completed
DELA-12-2-Rh	completed
DELA-12-2-Ro	completed
DELA-1-3-No	completed
DELA-1-3-Rh	completed
DELA-1-3-Ro	completed
DELA-16-No	completed
DELA-16-Rh	completed
DELA-16-Ro	completed
DELA-17-1-No	completed
DELA-17-1-Rh	completed
DELA-17-1-Ro	completed
DELA-19-1-No	completed
DELA-19-1-Rh	completed
DELA-19-1-Ro	completed
DELA-21-1-No	completed
DELA-21-1-Rh	completed
DELA-21-1-Ro	completed
DELA-22-1-No	completed
DELA-22-1-Rh	completed
DELA-22-1-Ro	completed
DELA-23-2-No	completed
DELA-23-2-Rh	completed
DELA-23-2-Ro	completed
DELA-26-3-No	completed
DELA-26-3-Rh	completed
DELA-26-3-Ro	completed
DELA-27-3-No	completed
DELA-27-3-Rh	completed
DELA-27-3-Ro	completed
DELA-28-No	completed
DELA-28-Rh	completed
DELA-28-Ro	completed
DELA-29-1-No	completed
DELA-29-1-Rh	completed
DELA-29-1-Ro	completed
DELA-30-2-No	completed
DELA-30-2-Rh	completed
DELA-30-2-Ro	completed
DELA-31-1-No	completed
DELA-31-1-Rh	completed
DELA-31-1-Ro	completed
DELA-32-1-No	completed
DELA-32-1-Rh	completed
DELA-32-1-Ro	completed
DELA-33-1-No	completed
DELA-33-1-Rh	completed
DELA-33-1-Ro	completed
DELA-3-3-No	completed
DELA-3-3-Rh	completed
DELA-3-3-Ro	completed
DELA-4-1-No	completed
DELA-4-1-Rh	completed
DELA-4-1-Ro	completed
DELA-5-1-No	completed
DELA-5-1-Rh	completed
DELA-5-1-Ro	completed
DELA-6-3-No	completed
DELA-6-3-Rh	completed
DELA-6-3-Ro	completed
DELA-7-3-No	completed
DELA-7-3-Rh	completed
DELA-7-3-Ro	completed
DSNY-84-2-No	completed
DSNY-84-2-Rh	completed
DSNY-84-2-Ro	completed
DSNY-85-1-No	completed
DSNY-85-1-Rh	completed
DSNY-85-1-Ro	completed
DSNY-86-1-No	completed
DSNY-86-1-Rh	completed
DSNY-86-1-Ro	completed
DSNY-87-1-No	completed
DSNY-87-1-Rh	completed
DSNY-87-1-Ro	completed
DSNY-88-1-No	completed
DSNY-88-1-Rh	completed
DSNY-88-1-Ro	completed
DSNY-91-1-No	completed
DSNY-91-1-Rh	completed
DSNY-91-1-Ro	completed
DSNY-92-1-No	completed
DSNY-92-1-Rh	completed
DSNY-92-1-Ro	completed
DSNY-96-2-No	completed
DSNY-96-2-Rh	completed
DSNY-96-2-Ro	completed
DSNY-98-4-No	completed
DSNY-98-4-Rh	completed
DSNY-98-4-Ro	completed
GRSM-1-No	completed
GRSM-1-Rh	completed
GRSM-1-Ro	completed
GRSM-3-No	completed
GRSM-3-Rh	completed
GRSM-3-Ro	completed
GRSM-4-2-No	completed
GRSM-4-2-Rh	completed
GRSM-4-2-Ro	completed
HEAL-10-2-No	completed
HEAL-1-2-No	completed
HEAL-1-2-Rh	completed
HEAL-1-2-Ro	completed
HEAL-2-1-No	completed
HEAL-2-1-Rh	completed
HEAL-2-1-Ro	completed
HEAL-3-1-No	completed
HEAL-3-1-Rh	completed
HEAL-3-1-Ro	completed
HEAL-4-1-No	completed
HEAL-4-1-Rh	completed
HEAL-4-1-Ro	completed
HEAL-5-2-No	completed
HEAL-5-2-Rh	completed
HEAL-5-2-Ro	completed
HEAL-6-1-No	completed
HEAL-6-1-Rh	completed
HEAL-6-1-Ro	completed
HEAL-7-1-No	completed
HEAL-7-1-Rh	completed
HEAL-7-1-Ro	completed
HEAL-8-1-No	completed
HEAL-8-1-Rh	completed
HEAL-8-1-Ro	completed
HEAL-9-1-No	completed
JERC-100-1-No	completed
JERC-100-1-Rh	completed
JERC-100-1-Ro	completed
JERC-102-1-No	completed
JERC-102-1-Rh	completed
JERC-102-1-Ro	completed
JERC-106-1-No	completed
JERC-106-1-Rh	completed
JERC-109-1-No	completed
JERC-109-1-Rh	completed
JERC-111-3-No	completed
JERC-111-3-Rh	completed
JERC-112-1-No	completed
JERC-112-1-Rh	completed
JERC-113-3-No	completed
JERC-113-3-Rh	completed
JERC-114-3-No	completed
JERC-114-3-Rh	completed
JERC-129-4-No	completed
JERC-129-4-Rh	completed
JERC-129-4-Ro	completed
JERC-131-No	completed
JERC-131-Rh	completed
JERC-131-Ro	completed
JERC-132-3-No	completed
JERC-132-3-Rh	completed
JERC-132-3-Ro	completed
JERC-134-3-No	completed
JERC-134-3-Rh	completed
JERC-134-3-Ro	completed
JERC-135-3-No	completed
JERC-135-3-Rh	completed
JERC-135-3-Ro	completed
JERC-136-No	completed
JERC-136-Rh	completed
JERC-136-Ro	completed
JERC-139-5-No	completed
JERC-139-5-Rh	completed
JERC-139-5-Ro	completed
JERC-140-No	completed
JERC-140-Rh	completed
JERC-140-Ro	completed
JERC-141-No	completed
JERC-141-Rh	completed
JERC-141-Ro	completed
JERC-142-No	completed
JERC-142-Rh	completed
JERC-143-No	completed
JERC-143-Rh	completed
JERC-143-Ro	completed
JERC-147-Rh	completed
JERC-147-Ro	completed
JERC-148-No	completed
JERC-148-Rh	completed
JERC-148-Ro	completed
JERC-149-No	completed
JERC-149-Rh	completed
JERC-149-Ro	completed
JERC-150-No	completed
JERC-150-Rh	completed
JERC-150-Ro	completed
JERC-151-No	completed
JERC-151-Rh	completed
JERC-151-Ro	completed
JERC-152-No	completed
JERC-152-Rh	completed
JERC-152-Ro	completed
JERC-153-No	completed
JERC-153-Rh	completed
JERC-176-5-No	completed
JERC-176-5-Rh	completed
JERC-176-5-Ro	completed
JERC-179-4-No	completed
JERC-179-4-Rh	completed
JERC-179-4-Ro	completed
JERC-180-5-No	completed
JERC-180-5-Rh	completed
JERC-180-5-Ro	completed
JERC-181-1-No	completed
JERC-181-1-Rh	completed
JERC-181-1-Ro	completed
JERC-183-3-No	completed
JERC-183-3-Rh	completed
JERC-183-3-Ro	completed
JERC-184-3-No	completed
JERC-184-3-Rh	completed
JERC-184-3-Ro	completed
JERC-185-3-No	completed
JERC-185-3-Rh	completed
JERC-185-3-Ro	completed
JERC-186-1-No	completed
JERC-186-1-Rh	completed
JERC-186-1-Ro	completed
JERC-187-1-No	completed
JERC-187-1-Rh	completed
JERC-187-1-Ro	completed
JERC-188-1-No	completed
JERC-188-1-Rh	completed
JERC-188-1-Ro	completed
JERC-192-1-No	completed
JERC-192-1-Rh	completed
JERC-192-1-Ro	completed
JERC-194-2-No	completed
JERC-194-2-Rh	completed
JERC-194-2-Ro	completed
JERC-195-2-No	completed
JERC-195-2-Rh	completed
JERC-195-2-Ro	completed
JERC-196-3-No	completed
JERC-196-3-Rh	completed
JERC-196-3-Ro	completed
JERC-197-1-No	completed
JERC-197-1-Ro	completed
JERC-198-No	completed
JERC-198-Ro	completed
JERC-199-No	completed
JERC-199-Rh	completed
JERC-199-Ro	completed
JERC-201-1-No	completed
JERC-201-1-Rh	completed
JERC-201-1-Ro	completed
JERC-202-1-No	completed
JERC-202-1-Rh	completed
JERC-202-1-Ro	completed
JERC-203-1-No	completed
JERC-203-1-Rh	completed
JERC-203-1-Ro	completed
JERC-204-1-No	completed
JERC-204-1-Rh	completed
JERC-204-1-Ro	completed
JERC-87-1-No	completed
JERC-87-1-Rh	completed
JERC-87-1-Ro	completed
JERC-88-1-No	completed
JERC-88-1-Rh	completed
JERC-88-1-Ro	completed
JERC-89-1-No	completed
JERC-89-1-Rh	completed
JERC-89-1-Ro	completed
JERC-90-1-No	completed
JERC-90-1-Rh	completed
JERC-90-1-Ro	completed
JERC-91-1-No	completed
JERC-91-1-Rh	completed
JERC-91-1-Ro	completed
JERC-93-1-No	completed
JERC-93-1-Rh	completed
JERC-93-1-Ro	completed
JERC-94-1-No	completed
JERC-94-1-Rh	completed
JERC-94-1-Ro	completed
JERC-CHNI-86-4-No	completed
JERC-CHNI-86-4-Rh	completed
JERC-CRJU-86-1-No	completed
JERC-CRJU-86-1-Rh	completed
JERC-CRJU-86-1-Ro	completed
KONA-1-1-No	completed
LAJA-10-1-No	completed
LAJA-10-1-Rh	completed
LAJA-10-1-Ro	completed
LAJA-11-3-No	completed
LAJA-11-3-Rh	completed
LAJA-11-3-Ro	completed
LAJA-1-1-No	completed
LAJA-1-1-Rh	completed
LAJA-1-1-Ro	completed
LAJA-12-1-No	completed
LAJA-12-1-Rh	completed
LAJA-12-1-Ro	completed
LAJA-1-2-No	completed
LAJA-1-2-Rh	completed
LAJA-1-2-Ro	completed
LAJA-13-3-No	completed
LAJA-13-3-Rh	completed
LAJA-13-3-Ro	completed
LAJA-1-3-No	completed
LAJA-1-3-Rh	completed
LAJA-1-3-Ro	completed
LAJA-14-1-No	completed
LAJA-14-1-Rh	completed
LAJA-14-1-Ro	completed
LAJA-15-1-No	completed
LAJA-15-1-Rh	completed
LAJA-15-1-Ro	completed
LAJA-16-2-No	completed
LAJA-16-2-Rh	completed
LAJA-16-2-Ro	completed
LAJA-17-1-No	completed
LAJA-17-1-Rh	completed
LAJA-17-1-Ro	completed
LAJA-18-1-No	completed
LAJA-18-1-Rh	completed
LAJA-18-1-Ro	completed
LAJA-19-2-No	completed
LAJA-19-2-Rh	completed
LAJA-19-2-Ro	completed
LAJA-20-1-Rh	completed
LAJA-21-1-No	completed
LAJA-2-1-No	completed
LAJA-2-1-Rh	completed
LAJA-2-1-Ro	completed
LAJA-2-2-No	completed
LAJA-2-2-Rh	completed
LAJA-2-2-Ro	completed
LAJA-2-3-No	completed
LAJA-2-3-Rh	completed
LAJA-2-3-Ro	completed
LAJA-24-2-No	completed
LAJA-24-2-Rh	completed
LAJA-24-2-Ro	completed
LAJA-25-1-No	completed
LAJA-25-1-Rh	completed
LAJA-25-1-Ro	completed
LAJA-26-1-No	completed
LAJA-26-1-Rh	completed
LAJA-26-1-Ro	completed
LAJA-3-1-No	completed
LAJA-3-1-Rh	completed
LAJA-3-1-Ro	completed
LAJA-3-2-No	completed
LAJA-3-2-Rh	completed
LAJA-3-2-Ro	completed
LAJA-3-3-No	completed
LAJA-3-3-Rh	completed
LAJA-3-3-Ro	completed
LAJA-4-1-No	completed
LAJA-4-1-Rh	completed
LAJA-4-1-Ro	completed
LAJA-5-1-No	completed
LAJA-5-1-Rh	completed
LAJA-5-1-Ro	completed
LAJA-6-1-No	completed
LAJA-6-1-Rh	completed
LAJA-6-1-Ro	completed
LAJA-7-1-No	completed
LAJA-7-1-Rh	completed
LAJA-7-1-Ro	completed
LAJA-8-2-No	completed
LAJA-8-2-Rh	completed
LAJA-8-2-Ro	completed
LAJA-9-1-No	completed
LAJA-9-1-Rh	completed
LAJA-9-1-Ro	completed
LENO-15-2-No	completed
LENO-15-2-Rh	completed
LENO-16-2-No	completed
LENO-16-2-Rh	completed
MLBS-2-1-No	completed
NIWO-1-No	completed
NIWO-1-Rh	completed
NIWO-1-Ro	completed
NIWO-2-No	completed
NIWO-2-Rh	completed
NIWO-2-Ro	completed
NOGP-1-1-No	completed
NOGP-1-1-Rh	completed
NOGP-1-1-Ro	completed
NOGP-2-1-No	completed
NOGP-2-1-Rh	completed
NOGP-2-1-Ro	completed
NOGP-3-2-No	completed
NOGP-3-2-Rh	completed
NOGP-3-2-Ro	completed
NOGP-4-1-No	completed
NOGP-4-1-Rh	completed
NOGP-4-1-Ro	completed
NOGP-5-2-No	completed
NOGP-5-2-Rh	completed
NOGP-5-2-Ro	completed
NOGP-6-3-No	completed
NOGP-6-3-Rh	completed
NOGP-6-3-Ro	completed
NOGP-7-2-No	completed
NOGP-7-2-Rh	completed
NOGP-7-2-Ro	completed
OAES-35-3-No	completed
OAES-35-3-Rh	completed
OAES-35-3-Ro	completed
OAES-36-2-No	completed
OAES-36-2-Rh	completed
OAES-36-2-Ro	completed
OAES-36-3-No	completed
OAES-36-3-Rh	completed
OAES-36-3-Ro	completed
OAES-37-2-No	completed
OAES-37-2-Rh	completed
OAES-37-2-Ro	completed
ORNL-25-1-No	completed
ORNL-25-1-Rh	completed
ORNL-25-1-Ro	completed
ORNL-7-2-No	completed
ORNL-7-2-Rh	completed
ORNL-7-2-Ro	completed
ORNL-8-2-No	completed
ORNL-8-2-Rh	completed
ORNL-8-2-Ro	completed
OSBS-100-3-No	completed
OSBS-100-3-Rh	completed
OSBS-100-3-Ro	completed
OSBS-101-1-No	completed
OSBS-101-1-Rh	completed
OSBS-101-1-Ro	completed
OSBS-102-1-No	completed
OSBS-102-1-Rh	completed
OSBS-102-1-Ro	completed
OSBS-103-2-No	completed
OSBS-103-2-Rh	completed
OSBS-103-2-Ro	completed
OSBS-104-1-No	completed
OSBS-104-1-Ro	completed
OSBS-106-1-No	completed
OSBS-106-1-Ro	completed
OSBS-107-No	completed
OSBS-107-Rh	completed
OSBS-107-Ro	completed
OSBS-109-4-No	completed
OSBS-109-4-Ro	completed
OSBS-110-1-No	completed
OSBS-25-1-Rh	completed
OSBS-25-1-Ro	completed
OSBS-28-1-No	completed
OSBS-28-1-Rh	completed
OSBS-28-1-Ro	completed
OSBS-29-1-Rh	completed
OSBS-29-1-Ro	completed
OSBS-30-1-Rh	completed
OSBS-30-1-Ro	completed
OSBS-31-1-Rh	completed
OSBS-31-1-Ro	completed
OSBS-46-1-No	completed
OSBS-46-1-Ro	completed
OSBS-49-1-No	completed
OSBS-49-1-Rh	completed
OSBS-49-1-Ro	completed
OSBS-51-1-No	completed
OSBS-51-1-Rh	completed
OSBS-51-1-Ro	completed
OSBS-52-2-No	completed
OSBS-52-2-Rh	completed
OSBS-52-2-Ro	completed
OSBS-55-1-No	completed
OSBS-55-1-Rh	completed
OSBS-55-1-Ro	completed
OSBS-69-1-No	completed
OSBS-69-1-Rh	completed
OSBS-69-1-Ro	completed
OSBS-91-1-No	completed
OSBS-91-1-Rh	completed
OSBS-91-1-Ro	completed
OSBS-95-3-Rh	completed
OSBS-95-3-Ro	completed
OSBS-97-2-Rh	completed
OSBS-97-2-Ro	completed
OSBS-99-No	completed
OSBS-99-Rh	completed
OSBS-99-Ro	completed
OSBS-CEVI-50-3-No	completed
OSBS-CEVI-50-3-Rh	completed
OSBS-CEVI-50-3-Ro	completed
OSBS-DETR-64-3-No	completed
OSBS-DETR-64-3-Rh	completed
OSBS-DETR-64-3-Ro	completed
OSBS-LEHI-62-5-No	completed
OSBS-LEHI-62-5-Rh	completed
OSBS-LEHI-62-5-Ro	completed
OSBS-TEVI-61-4-No	completed
OSBS-TEVI-61-4-Rh	completed
OSBS-TEVI-61-4-Ro	completed
RMNP-1-No	completed
RMNP-1-Rh	completed
RMNP-1-Ro	completed
RMNP-2-No	completed
RMNP-2-Rh	completed
RMNP-2-Ro	completed
RMNP-3-No	completed
RMNP-3-Rh	completed
RMNP-3-Ro	completed
RMNP-4-No	completed
RMNP-4-Rh	completed
RMNP-4-Ro	completed
RMNP-5-1-No	completed
RMNP-5-1-Rh	completed
RMNP-5-1-Ro	completed
SCBI-10-1-No	completed
SCBI-10-1-Rh	completed
SCBI-10-1-Ro	completed
SCBI-11-1-No	completed
SCBI-11-1-Rh	completed
SCBI-11-1-Ro	completed
SCBI-1-1-Rh	completed
SCBI-1-1-Ro	completed
SCBI-12-1-No	completed
SCBI-12-1-Rh	completed
SCBI-12-1-Ro	completed
SCBI-13-1-No	completed
SCBI-13-1-Rh	completed
SCBI-13-1-Ro	completed
SCBI-2-1-No	completed
SCBI-2-1-Rh	completed
SCBI-2-1-Ro	completed
SCBI-3-1-No	completed
SCBI-3-1-Rh	completed
SCBI-3-1-Ro	completed
SCBI-4-1-No	completed
SCBI-4-1-Rh	completed
SCBI-4-1-Ro	completed
SCBI-5-1-No	completed
SCBI-5-1-Rh	completed
SCBI-5-1-Ro	completed
SCBI-6-1-No	completed
SCBI-6-1-Rh	completed
SCBI-6-1-Ro	completed
SCBI-7-1-No	completed
SCBI-7-1-Rh	completed
SCBI-7-1-Ro	completed
SCBI-8-2-No	completed
SCBI-8-2-Rh	completed
SCBI-8-2-Ro	completed
SCBI-9-2-No	completed
SCBI-9-2-Rh	completed
SCBI-9-2-Ro	completed
SERC-1-1-No	completed
SERC-1-1-Rh	completed
SERC-1-1-Ro	completed
SERC-2-1-No	completed
SERC-2-1-Rh	completed
SERC-2-1-Ro	completed
SERC-3-1-Rh	completed
SERC-3-1-Ro	completed
SERC-4-1-No	completed
SERC-4-1-Rh	completed
SERC-4-1-Ro	completed
SERC-5-1-No	completed
SERC-5-1-Rh	completed
SERC-5-1-Ro	completed
SERC-6-1-No	completed
SERC-6-1-Rh	completed
SERC-6-1-Ro	completed
SERC-7-1-No	completed
SERC-7-1-Rh	completed
SERC-7-1-Ro	completed
SJER-1-1-No	completed
SJER-1-1-Rh	completed
SJER-1-1-Ro	completed
SJER-2-3-No	completed
SJER-2-3-Rh	completed
SJER-2-3-Ro	completed
SJER-3-5-No	completed
SJER-3-5-Rh	completed
SJER-3-5-Ro	completed
SJER-4-1-No	completed
SJER-4-1-Rh	completed
SJER-4-1-Ro	completed
SJER-5-1-No	completed
SJER-5-1-Rh	completed
SJER-5-1-Ro	completed
TALL-10-4-No	completed
TALL-10-4-Rh	completed
TALL-10-4-Ro	completed
TALL-11-1-No	completed
TALL-11-1-Rh	completed
TALL-11-1-Ro	completed
TALL-12-2-No	completed
TALL-12-2-Rh	completed
TALL-12-2-Ro	completed
TALL-13-3-No	completed
TALL-13-3-Rh	completed
TALL-13-3-Ro	completed
TALL-14-2-No	completed
TALL-14-2-Rh	completed
TALL-14-2-Ro	completed
TALL-15-2-No	completed
TALL-15-2-Rh	completed
TALL-15-2-Ro	completed
TALL-16-No	completed
TALL-16-Rh	completed
TALL-16-Ro	completed
TALL-17-2-No	completed
TALL-17-2-Rh	completed
TALL-17-2-Ro	completed
TALL-18-1-No	completed
TALL-18-1-Rh	completed
TALL-18-1-Ro	completed
TALL-19-2-No	completed
TALL-19-2-Rh	completed
TALL-19-2-Ro	completed
TALL-20-1-No	completed
TALL-20-1-Rh	completed
TALL-20-1-Ro	completed
TALL-21-2-No	completed
TALL-21-2-Rh	completed
TALL-21-2-Ro	completed
TALL-22-No	completed
TALL-22-Rh	completed
TALL-22-Ro	completed
TALL-23-2-No	completed
TALL-23-2-Rh	completed
TALL-23-2-Ro	completed
TALL-2-3-No	completed
TALL-2-3-Rh	completed
TALL-2-3-Ro	completed
TALL-24-2-No	completed
TALL-24-2-Rh	completed
TALL-24-2-Ro	completed
TALL-25-2-No	completed
TALL-25-2-Rh	completed
TALL-25-2-Ro	completed
TALL-26-3-No	completed
TALL-26-3-Rh	completed
TALL-26-3-Ro	completed
TALL-27-1-No	completed
TALL-27-1-Rh	completed
TALL-27-1-Ro	completed
TALL-28-1-No	completed
TALL-28-1-Rh	completed
TALL-28-1-Ro	completed
TALL-29-3-No	completed
TALL-29-3-Rh	completed
TALL-29-3-Ro	completed
TALL-30-1-No	completed
TALL-30-1-Rh	completed
TALL-30-1-Ro	completed
TALL-31-1-No	completed
TALL-31-1-Rh	completed
TALL-31-1-Ro	completed
TALL-32-1-No	completed
TALL-32-1-Rh	completed
TALL-32-1-Ro	completed
TALL-33-1-No	completed
TALL-33-1-Rh	completed
TALL-33-1-Ro	completed
TALL-34-1-No	completed
TALL-34-1-Rh	completed
TALL-34-1-Ro	completed
TALL-35-1-No	completed
TALL-35-1-Rh	completed
TALL-35-1-Ro	completed
TALL-36-1-No	completed
TALL-36-1-Rh	completed
TALL-36-1-Ro	completed
TALL-37-1-No	completed
TALL-37-1-Rh	completed
TALL-37-1-Ro	completed
TALL-38-3-No	completed
TALL-38-3-Rh	completed
TALL-38-3-Ro	completed
TALL-39-2-No	completed
TALL-39-2-Rh	completed
TALL-39-2-Ro	completed
TALL-40-1-No	completed
TALL-40-1-Rh	completed
TALL-40-1-Ro	completed
TALL-41-3-No	completed
TALL-41-3-Rh	completed
TALL-41-3-Ro	completed
TALL-4-1-No	completed
TALL-42-1-No	completed
TALL-42-1-Rh	completed
TALL-42-1-Ro	completed
TALL-5-2-No	completed
TALL-5-2-Rh	completed
TALL-5-2-Ro	completed
TALL-53-3-No	completed
TALL-53-3-Ro	completed
TALL-55-1-No	completed
TALL-59-1-No	completed
TALL-59-1-Rh	completed
TALL-59-1-Ro	completed
TALL-60-1-No	completed
TALL-60-1-Rh	completed
TALL-60-1-Ro	completed
TALL-61-2-No	completed
TALL-61-2-Rh	completed
TALL-61-2-Ro	completed
TALL-62-1-No	completed
TALL-62-1-Rh	completed
TALL-62-1-Ro	completed
TALL-6-2-No	completed
TALL-6-2-Rh	completed
TALL-6-2-Ro	completed
TALL-63-1-No	completed
TALL-63-1-Rh	completed
TALL-63-1-Ro	completed
TALL-64-1-No	completed
TALL-64-1-Rh	completed
TALL-64-1-Ro	completed
TALL-65-1-No	completed
TALL-65-1-Rh	completed
TALL-65-1-Ro	completed
TALL-66-2-No	completed
TALL-66-2-Rh	completed
TALL-66-2-Ro	completed
TALL-67-1-No	completed
TALL-67-1-Rh	completed
TALL-67-1-Ro	completed
TALL-68-2-No	completed
TALL-68-2-Rh	completed
TALL-68-2-Ro	completed
TALL-69-1-No	completed
TALL-69-1-Rh	completed
TALL-69-1-Ro	completed
TALL-70-1-No	completed
TALL-70-1-Rh	completed
TALL-70-1-Ro	completed
TALL-71-2-No	completed
TALL-71-2-Rh	completed
TALL-71-2-Ro	completed
TALL-72-1-No	completed
TALL-72-1-Rh	completed
TALL-72-1-Ro	completed
TALL-7-2-No	completed
TALL-7-2-Rh	completed
TALL-7-2-Ro	completed
TALL-73-2-No	completed
TALL-73-2-Rh	completed
TALL-73-2-Ro	completed
TALL-74-3-No	completed
TALL-74-3-Rh	completed
TALL-74-3-Ro	completed
TALL-75-2-No	completed
TALL-75-2-Rh	completed
TALL-75-2-Ro	completed
TALL-76-3-No	completed
TALL-76-3-Rh	completed
TALL-76-3-Ro	completed
TALL-78-2-No	completed
TALL-78-2-Rh	completed
TALL-78-2-Ro	completed
TALL-79-1-No	completed
TALL-79-1-Rh	completed
TALL-79-1-Ro	completed
TALL-80-1-No	completed
TALL-80-1-Rh	completed
TALL-80-1-Ro	completed
TALL-81-1-Rh	completed
TALL-81-1-Ro	completed
TALL-82-1-No	completed
TALL-82-1-Rh	completed
TALL-82-1-Ro	completed
TALL-8-2-No	completed
TALL-8-2-Rh	completed
TALL-8-2-Ro	completed
TALL-83-2-No	completed
TALL-83-2-Rh	completed
TALL-83-2-Ro	completed
TALL-84-1-No	completed
TALL-84-1-Rh	completed
TALL-84-1-Ro	completed
TALL-85-1-No	completed
TALL-85-1-Rh	completed
TALL-85-1-Ro	completed
TALL-86-1-No	completed
TALL-86-1-Rh	completed
TALL-86-1-Ro	completed
TALL-87-3-No	completed
TALL-87-3-Rh	completed
TALL-87-3-Ro	completed
TALL-88-1-No	completed
TALL-88-1-Rh	completed
TALL-88-1-Ro	completed
TALL-89-1-No	completed
TALL-89-1-Rh	completed
TALL-89-1-Ro	completed
TALL-90-1-No	completed
TALL-90-1-Rh	completed
TALL-90-1-Ro	completed
TALL-91-1-No	completed
TALL-91-1-Rh	completed
TALL-91-1-Ro	completed
TALL-92-1-No	completed
TALL-92-1-Rh	completed
TALL-92-1-Ro	completed
TALL-9-2-No	completed
TALL-9-2-Rh	completed
TALL-9-2-Ro	completed
TALL-93-3-No	completed
TALL-93-3-Rh	completed
TALL-93-3-Ro	completed
TEAK-1-2-Rh	completed
TEAK-1-2-Ro	completed
TEAK-2-1-No	completed
TEAK-2-1-Rh	completed
TEAK-2-1-Ro	completed
TEAK-3-1-No	completed
TEAK-3-1-Rh	completed
TEAK-3-1-Ro	completed
TOOL-10-No	completed
TOOL-10-Rh	completed
TOOL-10-Ro	completed
TOOL-11-No	completed
TOOL-11-Rh	completed
TOOL-11-Ro	completed
TOOL-12-No	completed
TOOL-12-Rh	completed
TOOL-12-Ro	completed
TOOL-13-Rh	completed
TOOL-13-Ro	completed
TOOL-14-No	completed
TOOL-14-Rh	completed
TOOL-14-Ro	completed
TOOL-15-No	completed
TOOL-15-Rh	completed
TOOL-15-Ro	completed
TOOL-16-No	completed
TOOL-16-Rh	completed
TOOL-16-Ro	completed
TOOL-17-No	completed
TOOL-17-Rh	completed
TOOL-17-Ro	completed
TOOL-18-No	completed
TOOL-18-Rh	completed
TOOL-18-Ro	completed
TOOL-19-No	completed
TOOL-19-Rh	completed
TOOL-19-Ro	completed
TOOL-1-No	completed
TOOL-1-Rh	completed
TOOL-1-Ro	completed
TOOL-20-No	completed
TOOL-20-Rh	completed
TOOL-20-Ro	completed
TOOL-21-No	completed
TOOL-21-Rh	completed
TOOL-21-Ro	completed
TOOL-22-No	completed
TOOL-22-Rh	completed
TOOL-22-Ro	completed
TOOL-23-No	completed
TOOL-23-Rh	completed
TOOL-23-Ro	completed
TOOL-24-No	completed
TOOL-24-Rh	completed
TOOL-24-Ro	completed
TOOL-25-No	completed
TOOL-25-Rh	completed
TOOL-25-Ro	completed
TOOL-26-No	completed
TOOL-26-Rh	completed
TOOL-26-Ro	completed
TOOL-27-2-No	completed
TOOL-27-2-Rh	completed
TOOL-27-2-Ro	completed
TOOL-28-No	completed
TOOL-28-Rh	completed
TOOL-28-Ro	completed
TOOL-29-Rh	completed
TOOL-29-Ro	completed
TOOL-2-No	completed
TOOL-2-Rh	completed
TOOL-2-Ro	completed
TOOL-30-No	completed
TOOL-30-Rh	completed
TOOL-30-Ro	completed
TOOL-31-No	completed
TOOL-31-Rh	completed
TOOL-31-Ro	completed
TOOL-32-Rh	completed
TOOL-32-Ro	completed
TOOL-33-1-No	completed
TOOL-33-1-Rh	completed
TOOL-33-1-Ro	completed
TOOL-34-No	completed
TOOL-34-Rh	completed
TOOL-34-Ro	completed
TOOL-35-1-No	completed
TOOL-35-1-Rh	completed
TOOL-35-1-Ro	completed
TOOL-3-No	completed
TOOL-3-Rh	completed
TOOL-3-Ro	completed
TOOL-4-No	completed
TOOL-4-Rh	completed
TOOL-4-Ro	completed
TOOL-5-No	completed
TOOL-5-Rh	completed
TOOL-5-Ro	completed
TOOL-6-No	completed
TOOL-6-Rh	completed
TOOL-6-Ro	completed
TOOL-7-No	completed
TOOL-7-Rh	completed
TOOL-7-Ro	completed
TOOL-8-No	completed
TOOL-8-Rh	completed
TOOL-8-Ro	completed
TOOL-9-No	completed
TOOL-9-Rh	completed
TOOL-9-Ro	completed
WOOD-10-1-No	completed
WOOD-10-1-Rh	completed
WOOD-10-1-Ro	completed
WOOD-11-1-No	completed
WOOD-11-1-Rh	completed
WOOD-11-1-Ro	completed
WOOD-1-1-No	completed
WOOD-1-1-Rh	completed
WOOD-1-1-Ro	completed
WOOD-12-No	completed
WOOD-12-Rh	completed
WOOD-12-Ro	completed
WOOD-2-2-Rh	completed
WOOD-2-2-Ro	completed
WOOD-3-2-No	completed
WOOD-3-2-Rh	completed
WOOD-3-2-Ro	completed
WOOD-4-1-No	completed
WOOD-4-1-Rh	completed
WOOD-4-1-Ro	completed
WOOD-5-1-No	completed
WOOD-5-1-Rh	completed
WOOD-5-1-Ro	completed
WOOD-6-1-No	completed
WOOD-6-1-Rh	completed
WOOD-6-1-Ro	completed
WOOD-7-1-No	completed
WOOD-7-1-Rh	completed
WOOD-7-1-Ro	completed
WOOD-8-No	completed
WOOD-8-Rh	completed
WOOD-8-Ro	completed
WOOD-9-Rh	completed
WOOD-9-Ro	completed
YELL-10-1-No	completed
YELL-10-1-Rh	completed
YELL-10-1-Ro	completed
YELL-11-No	completed
YELL-11-Rh	completed
YELL-11-Ro	completed
YELL-3-5-No	completed
YELL-3-5-Rh	completed
YELL-3-5-Ro	completed
YELL-4-4-No	completed
YELL-4-4-Rh	completed
YELL-4-4-Ro	completed
YELL-5-3-Rh	completed
YELL-5-3-Ro	completed
YELL-6-1-Rh	completed
YELL-6-1-Ro	completed
YELL-7-1-Rh	completed
YELL-7-1-Ro	completed
